{
  "name": "Plexyfin",
  "id": "b9f0c474-e9a8-4292-ae41-eb3c1542f4cd",
  "guid": "b9f0c474-e9a8-4292-ae41-eb3c1542f4cd",
  "version": "0.6.2.0",
  "overview": "Plugin for Jellyfin that syncs collections and artwork from Plex to Jellyfin",
  "description": "Syncs collections, artwork, and their metadata from your Plex Media Server to Jellyfin.",
  "owner": "plexyfin",
  "category": "General",
  "targetAbi": "10.10.0.0",
  "changelog": "- Fix compatibility with Jellyfin 10.11 by using compatibility helper for GetItemList/GetItemsResult API\n- Fix TV show episode poster sync for Jellyfin 10.11+",
  "imageUrl": "https://raw.githubusercontent.com/plexyfin/plexyfin/main/plexyfin.png"
}
